{
  "fio version" : "fio-3.28",
  "timestamp" : 1775982019,
  "timestamp_ms" : 1775982019012,
  "time" : "Sun Apr 12 08:20:19 2026",
  "jobs" : [
    {
      "jobname" : "seqread",
      "groupid" : 0,
      "error" : 0,
      "eta" : 0,
      "elapsed" : 25,
      "job options" : {
        "name" : "seqread",
        "filename" : "/data/ascend_machine_nvme_bw.bin",
        "rw" : "read",
        "bs" : "1M",
        "iodepth" : "32",
        "ioengine" : "libaio",
        "direct" : "1",
        "size" : "16G",
        "runtime" : "20",
        "time_based" : "1",
        "numjobs" : "1"
      },
      "read" : {
        "io_bytes" : 141336510464,
        "io_kbytes" : 138023936,
        "bw_bytes" : 7065412440,
        "bw" : 6899816,
        "iops" : 6738.102380,
        "runtime" : 20004,
        "total_ios" : 134789,
        "short_ios" : 0,
        "drop_ios" : 0,
        "slat_ns" : {
          "min" : 10880,
          "max" : 543005,
          "mean" : 17718.644949,
          "stddev" : 10865.412840,
          "N" : 134789
        },
        "clat_ns" : {
          "min" : 590785,
          "max" : 17780239,
          "mean" : 4729774.578816,
          "stddev" : 1933933.975964,
          "N" : 134789,
          "percentile" : {
            "1.000000" : 1826816,
            "5.000000" : 2375680,
            "10.000000" : 2768896,
            "20.000000" : 3260416,
            "30.000000" : 3620864,
            "40.000000" : 3981312,
            "50.000000" : 4358144,
            "60.000000" : 4751360,
            "70.000000" : 5275648,
            "80.000000" : 5931008,
            "90.000000" : 7045120,
            "95.000000" : 8355840,
            "99.000000" : 11862016,
            "99.500000" : 13041664,
            "99.900000" : 15007744,
            "99.950000" : 15663104,
            "99.990000" : 16908288
          }
        },
        "lat_ns" : {
          "min" : 624736,
          "max" : 17795600,
          "mean" : 4747654.390477,
          "stddev" : 1933790.376845,
          "N" : 134789
        },
        "bw_min" : 6797312,
        "bw_max" : 6940672,
        "bw_agg" : 99.996988,
        "bw_mean" : 6899609.600000,
        "bw_dev" : 38134.364090,
        "bw_samples" : 40,
        "iops_min" : 6638,
        "iops_max" : 6778,
        "iops_mean" : 6737.900000,
        "iops_stddev" : 37.240590,
        "iops_samples" : 40
      },
      "write" : {
        "io_bytes" : 0,
        "io_kbytes" : 0,
        "bw_bytes" : 0,
        "bw" : 0,
        "iops" : 0.000000,
        "runtime" : 0,
        "total_ios" : 0,
        "short_ios" : 0,
        "drop_ios" : 0,
        "slat_ns" : {
          "min" : 0,
          "max" : 0,
          "mean" : 0.000000,
          "stddev" : 0.000000,
          "N" : 0
        },
        "clat_ns" : {
          "min" : 0,
          "max" : 0,
          "mean" : 0.000000,
          "stddev" : 0.000000,
          "N" : 0
        },
        "lat_ns" : {
          "min" : 0,
          "max" : 0,
          "mean" : 0.000000,
          "stddev" : 0.000000,
          "N" : 0
        },
        "bw_min" : 0,
        "bw_max" : 0,
        "bw_agg" : 0.000000,
        "bw_mean" : 0.000000,
        "bw_dev" : 0.000000,
        "bw_samples" : 0,
        "iops_min" : 0,
        "iops_max" : 0,
        "iops_mean" : 0.000000,
        "iops_stddev" : 0.000000,
        "iops_samples" : 0
      },
      "trim" : {
        "io_bytes" : 0,
        "io_kbytes" : 0,
        "bw_bytes" : 0,
        "bw" : 0,
        "iops" : 0.000000,
        "runtime" : 0,
        "total_ios" : 0,
        "short_ios" : 0,
        "drop_ios" : 0,
        "slat_ns" : {
          "min" : 0,
          "max" : 0,
          "mean" : 0.000000,
          "stddev" : 0.000000,
          "N" : 0
        },
        "clat_ns" : {
          "min" : 0,
          "max" : 0,
          "mean" : 0.000000,
          "stddev" : 0.000000,
          "N" : 0
        },
        "lat_ns" : {
          "min" : 0,
          "max" : 0,
          "mean" : 0.000000,
          "stddev" : 0.000000,
          "N" : 0
        },
        "bw_min" : 0,
        "bw_max" : 0,
        "bw_agg" : 0.000000,
        "bw_mean" : 0.000000,
        "bw_dev" : 0.000000,
        "bw_samples" : 0,
        "iops_min" : 0,
        "iops_max" : 0,
        "iops_mean" : 0.000000,
        "iops_stddev" : 0.000000,
        "iops_samples" : 0
      },
      "sync" : {
        "total_ios" : 0,
        "lat_ns" : {
          "min" : 0,
          "max" : 0,
          "mean" : 0.000000,
          "stddev" : 0.000000,
          "N" : 0
        }
      },
      "job_runtime" : 20003,
      "usr_cpu" : 1.034845,
      "sys_cpu" : 12.108184,
      "ctx" : 112342,
      "majf" : 0,
      "minf" : 536,
      "iodepth_level" : {
        "1" : 0.100000,
        "2" : 0.100000,
        "4" : 0.100000,
        "8" : 0.100000,
        "16" : 0.100000,
        "32" : 99.977001,
        ">=64" : 0.000000
      },
      "iodepth_submit" : {
        "0" : 0.000000,
        "4" : 100.000000,
        "8" : 0.000000,
        "16" : 0.000000,
        "32" : 0.000000,
        "64" : 0.000000,
        ">=64" : 0.000000
      },
      "iodepth_complete" : {
        "0" : 0.000000,
        "4" : 99.999258,
        "8" : 0.000000,
        "16" : 0.000000,
        "32" : 0.100000,
        "64" : 0.000000,
        ">=64" : 0.000000
      },
      "latency_ns" : {
        "2" : 0.000000,
        "4" : 0.000000,
        "10" : 0.000000,
        "20" : 0.000000,
        "50" : 0.000000,
        "100" : 0.000000,
        "250" : 0.000000,
        "500" : 0.000000,
        "750" : 0.000000,
        "1000" : 0.000000
      },
      "latency_us" : {
        "2" : 0.000000,
        "4" : 0.000000,
        "10" : 0.000000,
        "20" : 0.000000,
        "50" : 0.000000,
        "100" : 0.000000,
        "250" : 0.000000,
        "500" : 0.000000,
        "750" : 0.010000,
        "1000" : 0.021515
      },
      "latency_ms" : {
        "2" : 1.746433,
        "4" : 38.458628,
        "10" : 57.304379,
        "20" : 2.468302,
        "50" : 0.000000,
        "100" : 0.000000,
        "250" : 0.000000,
        "500" : 0.000000,
        "750" : 0.000000,
        "1000" : 0.000000,
        "2000" : 0.000000,
        ">=2000" : 0.000000
      },
      "latency_depth" : 32,
      "latency_target" : 0,
      "latency_percentile" : 100.000000,
      "latency_window" : 0
    }
  ]
}
