{
  "fio version" : "fio-3.28",
  "timestamp" : 1775981994,
  "timestamp_ms" : 1775981994769,
  "time" : "Sun Apr 12 08:19:54 2026",
  "jobs" : [
    {
      "jobname" : "prepare",
      "groupid" : 0,
      "error" : 0,
      "eta" : 0,
      "elapsed" : 9,
      "job options" : {
        "name" : "prepare",
        "filename" : "/data/ascend_machine_nvme_bw.bin",
        "rw" : "write",
        "bs" : "1M",
        "iodepth" : "32",
        "ioengine" : "libaio",
        "direct" : "1",
        "size" : "16G",
        "numjobs" : "1"
      },
      "read" : {
        "io_bytes" : 0,
        "io_kbytes" : 0,
        "bw_bytes" : 0,
        "bw" : 0,
        "iops" : 0.000000,
        "runtime" : 0,
        "total_ios" : 0,
        "short_ios" : 0,
        "drop_ios" : 0,
        "slat_ns" : {
          "min" : 0,
          "max" : 0,
          "mean" : 0.000000,
          "stddev" : 0.000000,
          "N" : 0
        },
        "clat_ns" : {
          "min" : 0,
          "max" : 0,
          "mean" : 0.000000,
          "stddev" : 0.000000,
          "N" : 0
        },
        "lat_ns" : {
          "min" : 0,
          "max" : 0,
          "mean" : 0.000000,
          "stddev" : 0.000000,
          "N" : 0
        },
        "bw_min" : 0,
        "bw_max" : 0,
        "bw_agg" : 0.000000,
        "bw_mean" : 0.000000,
        "bw_dev" : 0.000000,
        "bw_samples" : 0,
        "iops_min" : 0,
        "iops_max" : 0,
        "iops_mean" : 0.000000,
        "iops_stddev" : 0.000000,
        "iops_samples" : 0
      },
      "write" : {
        "io_bytes" : 17179869184,
        "io_kbytes" : 16777216,
        "bw_bytes" : 4433514628,
        "bw" : 4329604,
        "iops" : 4228.129032,
        "runtime" : 3875,
        "total_ios" : 16384,
        "short_ios" : 0,
        "drop_ios" : 0,
        "slat_ns" : {
          "min" : 36410,
          "max" : 523524,
          "mean" : 47654.611145,
          "stddev" : 5860.196522,
          "N" : 16384
        },
        "clat_ns" : {
          "min" : 1460313,
          "max" : 20448893,
          "mean" : 7514411.218628,
          "stddev" : 780858.662025,
          "N" : 16384,
          "percentile" : {
            "1.000000" : 6979584,
            "5.000000" : 7110656,
            "10.000000" : 7110656,
            "20.000000" : 7176192,
            "30.000000" : 7176192,
            "40.000000" : 7241728,
            "50.000000" : 7307264,
            "60.000000" : 7372800,
            "70.000000" : 7569408,
            "80.000000" : 7766016,
            "90.000000" : 8093696,
            "95.000000" : 8355840,
            "99.000000" : 10551296,
            "99.500000" : 12517376,
            "99.900000" : 15532032,
            "99.950000" : 16908288,
            "99.990000" : 20054016
          }
        },
        "lat_ns" : {
          "min" : 1503804,
          "max" : 20499644,
          "mean" : 7562272.837158,
          "stddev" : 781771.450353,
          "N" : 16384
        },
        "bw_min" : 3864576,
        "bw_max" : 4519936,
        "bw_agg" : 100.000000,
        "bw_mean" : 4364580.571429,
        "bw_dev" : 235794.179124,
        "bw_samples" : 7,
        "iops_min" : 3774,
        "iops_max" : 4414,
        "iops_mean" : 4262.285714,
        "iops_stddev" : 230.267753,
        "iops_samples" : 7
      },
      "trim" : {
        "io_bytes" : 0,
        "io_kbytes" : 0,
        "bw_bytes" : 0,
        "bw" : 0,
        "iops" : 0.000000,
        "runtime" : 0,
        "total_ios" : 0,
        "short_ios" : 0,
        "drop_ios" : 0,
        "slat_ns" : {
          "min" : 0,
          "max" : 0,
          "mean" : 0.000000,
          "stddev" : 0.000000,
          "N" : 0
        },
        "clat_ns" : {
          "min" : 0,
          "max" : 0,
          "mean" : 0.000000,
          "stddev" : 0.000000,
          "N" : 0
        },
        "lat_ns" : {
          "min" : 0,
          "max" : 0,
          "mean" : 0.000000,
          "stddev" : 0.000000,
          "N" : 0
        },
        "bw_min" : 0,
        "bw_max" : 0,
        "bw_agg" : 0.000000,
        "bw_mean" : 0.000000,
        "bw_dev" : 0.000000,
        "bw_samples" : 0,
        "iops_min" : 0,
        "iops_max" : 0,
        "iops_mean" : 0.000000,
        "iops_stddev" : 0.000000,
        "iops_samples" : 0
      },
      "sync" : {
        "total_ios" : 0,
        "lat_ns" : {
          "min" : 0,
          "max" : 0,
          "mean" : 0.000000,
          "stddev" : 0.000000,
          "N" : 0
        }
      },
      "job_runtime" : 3874,
      "usr_cpu" : 11.693340,
      "sys_cpu" : 10.738255,
      "ctx" : 16346,
      "majf" : 0,
      "minf" : 9,
      "iodepth_level" : {
        "1" : 0.100000,
        "2" : 0.100000,
        "4" : 0.100000,
        "8" : 0.100000,
        "16" : 0.100000,
        "32" : 99.810791,
        ">=64" : 0.000000
      },
      "iodepth_submit" : {
        "0" : 0.000000,
        "4" : 100.000000,
        "8" : 0.000000,
        "16" : 0.000000,
        "32" : 0.000000,
        "64" : 0.000000,
        ">=64" : 0.000000
      },
      "iodepth_complete" : {
        "0" : 0.000000,
        "4" : 99.993885,
        "8" : 0.000000,
        "16" : 0.000000,
        "32" : 0.100000,
        "64" : 0.000000,
        ">=64" : 0.000000
      },
      "latency_ns" : {
        "2" : 0.000000,
        "4" : 0.000000,
        "10" : 0.000000,
        "20" : 0.000000,
        "50" : 0.000000,
        "100" : 0.000000,
        "250" : 0.000000,
        "500" : 0.000000,
        "750" : 0.000000,
        "1000" : 0.000000
      },
      "latency_us" : {
        "2" : 0.000000,
        "4" : 0.000000,
        "10" : 0.000000,
        "20" : 0.000000,
        "50" : 0.000000,
        "100" : 0.000000,
        "250" : 0.000000,
        "500" : 0.000000,
        "750" : 0.000000,
        "1000" : 0.000000
      },
      "latency_ms" : {
        "2" : 0.067139,
        "4" : 0.115967,
        "10" : 98.529053,
        "20" : 1.275635,
        "50" : 0.012207,
        "100" : 0.000000,
        "250" : 0.000000,
        "500" : 0.000000,
        "750" : 0.000000,
        "1000" : 0.000000,
        "2000" : 0.000000,
        ">=2000" : 0.000000
      },
      "latency_depth" : 32,
      "latency_target" : 0,
      "latency_percentile" : 100.000000,
      "latency_window" : 0
    }
  ]
}
