{
  "fio version" : "fio-3.28",
  "timestamp" : 1775985207,
  "timestamp_ms" : 1775985207229,
  "time" : "Sun Apr 12 09:13:27 2026",
  "jobs" : [
    {
      "jobname" : "prepare",
      "groupid" : 0,
      "error" : 0,
      "eta" : 0,
      "elapsed" : 12,
      "job options" : {
        "name" : "prepare",
        "filename" : "/data/ascend_machine_nvme_bw.bin",
        "rw" : "write",
        "bs" : "1M",
        "iodepth" : "32",
        "ioengine" : "libaio",
        "direct" : "1",
        "size" : "16G",
        "numjobs" : "1"
      },
      "read" : {
        "io_bytes" : 0,
        "io_kbytes" : 0,
        "bw_bytes" : 0,
        "bw" : 0,
        "iops" : 0.000000,
        "runtime" : 0,
        "total_ios" : 0,
        "short_ios" : 0,
        "drop_ios" : 0,
        "slat_ns" : {
          "min" : 0,
          "max" : 0,
          "mean" : 0.000000,
          "stddev" : 0.000000,
          "N" : 0
        },
        "clat_ns" : {
          "min" : 0,
          "max" : 0,
          "mean" : 0.000000,
          "stddev" : 0.000000,
          "N" : 0
        },
        "lat_ns" : {
          "min" : 0,
          "max" : 0,
          "mean" : 0.000000,
          "stddev" : 0.000000,
          "N" : 0
        },
        "bw_min" : 0,
        "bw_max" : 0,
        "bw_agg" : 0.000000,
        "bw_mean" : 0.000000,
        "bw_dev" : 0.000000,
        "bw_samples" : 0,
        "iops_min" : 0,
        "iops_max" : 0,
        "iops_mean" : 0.000000,
        "iops_stddev" : 0.000000,
        "iops_samples" : 0
      },
      "write" : {
        "io_bytes" : 17179869184,
        "io_kbytes" : 16777216,
        "bw_bytes" : 4371467985,
        "bw" : 4269011,
        "iops" : 4168.956743,
        "runtime" : 3930,
        "total_ios" : 16384,
        "short_ios" : 0,
        "drop_ios" : 0,
        "slat_ns" : {
          "min" : 31700,
          "max" : 4005416,
          "mean" : 60835.267761,
          "stddev" : 36740.742167,
          "N" : 16384
        },
        "clat_ns" : {
          "min" : 1395973,
          "max" : 31296611,
          "mean" : 7609935.335632,
          "stddev" : 1731696.343333,
          "N" : 16384,
          "percentile" : {
            "1.000000" : 3162112,
            "5.000000" : 6979584,
            "10.000000" : 7045120,
            "20.000000" : 7110656,
            "30.000000" : 7176192,
            "40.000000" : 7176192,
            "50.000000" : 7241728,
            "60.000000" : 7307264,
            "70.000000" : 7503872,
            "80.000000" : 7831552,
            "90.000000" : 8093696,
            "95.000000" : 9502720,
            "99.000000" : 15532032,
            "99.500000" : 17956864,
            "99.900000" : 27394048,
            "99.950000" : 29753344,
            "99.990000" : 31064064
          }
        },
        "lat_ns" : {
          "min" : 1447193,
          "max" : 31344522,
          "mean" : 7671031.749146,
          "stddev" : 1732543.279529,
          "N" : 16384
        },
        "bw_min" : 4061184,
        "bw_max" : 4532224,
        "bw_agg" : 100.000000,
        "bw_mean" : 4332982.857143,
        "bw_dev" : 225362.879992,
        "bw_samples" : 7,
        "iops_min" : 3966,
        "iops_max" : 4426,
        "iops_mean" : 4231.428571,
        "iops_stddev" : 220.080937,
        "iops_samples" : 7
      },
      "trim" : {
        "io_bytes" : 0,
        "io_kbytes" : 0,
        "bw_bytes" : 0,
        "bw" : 0,
        "iops" : 0.000000,
        "runtime" : 0,
        "total_ios" : 0,
        "short_ios" : 0,
        "drop_ios" : 0,
        "slat_ns" : {
          "min" : 0,
          "max" : 0,
          "mean" : 0.000000,
          "stddev" : 0.000000,
          "N" : 0
        },
        "clat_ns" : {
          "min" : 0,
          "max" : 0,
          "mean" : 0.000000,
          "stddev" : 0.000000,
          "N" : 0
        },
        "lat_ns" : {
          "min" : 0,
          "max" : 0,
          "mean" : 0.000000,
          "stddev" : 0.000000,
          "N" : 0
        },
        "bw_min" : 0,
        "bw_max" : 0,
        "bw_agg" : 0.000000,
        "bw_mean" : 0.000000,
        "bw_dev" : 0.000000,
        "bw_samples" : 0,
        "iops_min" : 0,
        "iops_max" : 0,
        "iops_mean" : 0.000000,
        "iops_stddev" : 0.000000,
        "iops_samples" : 0
      },
      "sync" : {
        "total_ios" : 0,
        "lat_ns" : {
          "min" : 0,
          "max" : 0,
          "mean" : 0.000000,
          "stddev" : 0.000000,
          "N" : 0
        }
      },
      "job_runtime" : 3929,
      "usr_cpu" : 17.383558,
      "sys_cpu" : 9.646220,
      "ctx" : 15468,
      "majf" : 0,
      "minf" : 573,
      "iodepth_level" : {
        "1" : 0.100000,
        "2" : 0.100000,
        "4" : 0.100000,
        "8" : 0.100000,
        "16" : 0.100000,
        "32" : 99.810791,
        ">=64" : 0.000000
      },
      "iodepth_submit" : {
        "0" : 0.000000,
        "4" : 100.000000,
        "8" : 0.000000,
        "16" : 0.000000,
        "32" : 0.000000,
        "64" : 0.000000,
        ">=64" : 0.000000
      },
      "iodepth_complete" : {
        "0" : 0.000000,
        "4" : 99.993885,
        "8" : 0.000000,
        "16" : 0.000000,
        "32" : 0.100000,
        "64" : 0.000000,
        ">=64" : 0.000000
      },
      "latency_ns" : {
        "2" : 0.000000,
        "4" : 0.000000,
        "10" : 0.000000,
        "20" : 0.000000,
        "50" : 0.000000,
        "100" : 0.000000,
        "250" : 0.000000,
        "500" : 0.000000,
        "750" : 0.000000,
        "1000" : 0.000000
      },
      "latency_us" : {
        "2" : 0.000000,
        "4" : 0.000000,
        "10" : 0.000000,
        "20" : 0.000000,
        "50" : 0.000000,
        "100" : 0.000000,
        "250" : 0.000000,
        "500" : 0.000000,
        "750" : 0.000000,
        "1000" : 0.000000
      },
      "latency_ms" : {
        "2" : 0.506592,
        "4" : 0.921631,
        "10" : 93.664551,
        "20" : 4.711914,
        "50" : 0.195312,
        "100" : 0.000000,
        "250" : 0.000000,
        "500" : 0.000000,
        "750" : 0.000000,
        "1000" : 0.000000,
        "2000" : 0.000000,
        ">=2000" : 0.000000
      },
      "latency_depth" : 32,
      "latency_target" : 0,
      "latency_percentile" : 100.000000,
      "latency_window" : 0
    }
  ]
}
