{
  "fio version" : "fio-3.28",
  "timestamp" : 1775985235,
  "timestamp_ms" : 1775985235244,
  "time" : "Sun Apr 12 09:13:55 2026",
  "jobs" : [
    {
      "jobname" : "seqread",
      "groupid" : 0,
      "error" : 0,
      "eta" : 0,
      "elapsed" : 28,
      "job options" : {
        "name" : "seqread",
        "filename" : "/data/ascend_machine_nvme_bw.bin",
        "rw" : "read",
        "bs" : "1M",
        "iodepth" : "32",
        "ioengine" : "libaio",
        "direct" : "1",
        "size" : "16G",
        "runtime" : "20",
        "time_based" : "1",
        "numjobs" : "1"
      },
      "read" : {
        "io_bytes" : 141205438464,
        "io_kbytes" : 137895936,
        "bw_bytes" : 7059213041,
        "bw" : 6893762,
        "iops" : 6732.190171,
        "runtime" : 20003,
        "total_ios" : 134664,
        "short_ios" : 0,
        "drop_ios" : 0,
        "slat_ns" : {
          "min" : 10930,
          "max" : 468674,
          "mean" : 17457.679023,
          "stddev" : 7455.845172,
          "N" : 134664
        },
        "clat_ns" : {
          "min" : 526825,
          "max" : 20059451,
          "mean" : 4734158.524743,
          "stddev" : 2042308.908127,
          "N" : 134664,
          "percentile" : {
            "1.000000" : 1859584,
            "5.000000" : 2408448,
            "10.000000" : 2736128,
            "20.000000" : 3194880,
            "30.000000" : 3588096,
            "40.000000" : 3915776,
            "50.000000" : 4292608,
            "60.000000" : 4685824,
            "70.000000" : 5144576,
            "80.000000" : 5931008,
            "90.000000" : 7307264,
            "95.000000" : 8847360,
            "99.000000" : 12124160,
            "99.500000" : 13303808,
            "99.900000" : 15400960,
            "99.950000" : 16580608,
            "99.990000" : 18481152
          }
        },
        "lat_ns" : {
          "min" : 564475,
          "max" : 20074641,
          "mean" : 4751786.927976,
          "stddev" : 2042222.433517,
          "N" : 134664
        },
        "bw_min" : 6825984,
        "bw_max" : 6924288,
        "bw_agg" : 100.000000,
        "bw_mean" : 6894250.666667,
        "bw_dev" : 28152.731438,
        "bw_samples" : 39,
        "iops_min" : 6666,
        "iops_max" : 6762,
        "iops_mean" : 6732.666667,
        "iops_stddev" : 27.492902,
        "iops_samples" : 39
      },
      "write" : {
        "io_bytes" : 0,
        "io_kbytes" : 0,
        "bw_bytes" : 0,
        "bw" : 0,
        "iops" : 0.000000,
        "runtime" : 0,
        "total_ios" : 0,
        "short_ios" : 0,
        "drop_ios" : 0,
        "slat_ns" : {
          "min" : 0,
          "max" : 0,
          "mean" : 0.000000,
          "stddev" : 0.000000,
          "N" : 0
        },
        "clat_ns" : {
          "min" : 0,
          "max" : 0,
          "mean" : 0.000000,
          "stddev" : 0.000000,
          "N" : 0
        },
        "lat_ns" : {
          "min" : 0,
          "max" : 0,
          "mean" : 0.000000,
          "stddev" : 0.000000,
          "N" : 0
        },
        "bw_min" : 0,
        "bw_max" : 0,
        "bw_agg" : 0.000000,
        "bw_mean" : 0.000000,
        "bw_dev" : 0.000000,
        "bw_samples" : 0,
        "iops_min" : 0,
        "iops_max" : 0,
        "iops_mean" : 0.000000,
        "iops_stddev" : 0.000000,
        "iops_samples" : 0
      },
      "trim" : {
        "io_bytes" : 0,
        "io_kbytes" : 0,
        "bw_bytes" : 0,
        "bw" : 0,
        "iops" : 0.000000,
        "runtime" : 0,
        "total_ios" : 0,
        "short_ios" : 0,
        "drop_ios" : 0,
        "slat_ns" : {
          "min" : 0,
          "max" : 0,
          "mean" : 0.000000,
          "stddev" : 0.000000,
          "N" : 0
        },
        "clat_ns" : {
          "min" : 0,
          "max" : 0,
          "mean" : 0.000000,
          "stddev" : 0.000000,
          "N" : 0
        },
        "lat_ns" : {
          "min" : 0,
          "max" : 0,
          "mean" : 0.000000,
          "stddev" : 0.000000,
          "N" : 0
        },
        "bw_min" : 0,
        "bw_max" : 0,
        "bw_agg" : 0.000000,
        "bw_mean" : 0.000000,
        "bw_dev" : 0.000000,
        "bw_samples" : 0,
        "iops_min" : 0,
        "iops_max" : 0,
        "iops_mean" : 0.000000,
        "iops_stddev" : 0.000000,
        "iops_samples" : 0
      },
      "sync" : {
        "total_ios" : 0,
        "lat_ns" : {
          "min" : 0,
          "max" : 0,
          "mean" : 0.000000,
          "stddev" : 0.000000,
          "N" : 0
        }
      },
      "job_runtime" : 20002,
      "usr_cpu" : 1.454855,
      "sys_cpu" : 12.148785,
      "ctx" : 112717,
      "majf" : 0,
      "minf" : 536,
      "iodepth_level" : {
        "1" : 0.100000,
        "2" : 0.100000,
        "4" : 0.100000,
        "8" : 0.100000,
        "16" : 0.100000,
        "32" : 99.976980,
        ">=64" : 0.000000
      },
      "iodepth_submit" : {
        "0" : 0.000000,
        "4" : 100.000000,
        "8" : 0.000000,
        "16" : 0.000000,
        "32" : 0.000000,
        "64" : 0.000000,
        ">=64" : 0.000000
      },
      "iodepth_complete" : {
        "0" : 0.000000,
        "4" : 99.999257,
        "8" : 0.000000,
        "16" : 0.000000,
        "32" : 0.100000,
        "64" : 0.000000,
        ">=64" : 0.000000
      },
      "latency_ns" : {
        "2" : 0.000000,
        "4" : 0.000000,
        "10" : 0.000000,
        "20" : 0.000000,
        "50" : 0.000000,
        "100" : 0.000000,
        "250" : 0.000000,
        "500" : 0.000000,
        "750" : 0.000000,
        "1000" : 0.000000
      },
      "latency_us" : {
        "2" : 0.000000,
        "4" : 0.000000,
        "10" : 0.000000,
        "20" : 0.000000,
        "50" : 0.000000,
        "100" : 0.000000,
        "250" : 0.000000,
        "500" : 0.000000,
        "750" : 0.010000,
        "1000" : 0.010000
      },
      "latency_ms" : {
        "2" : 1.606963,
        "4" : 40.953781,
        "10" : 54.499347,
        "20" : 2.931741,
        "50" : 0.010000,
        "100" : 0.000000,
        "250" : 0.000000,
        "500" : 0.000000,
        "750" : 0.000000,
        "1000" : 0.000000,
        "2000" : 0.000000,
        ">=2000" : 0.000000
      },
      "latency_depth" : 32,
      "latency_target" : 0,
      "latency_percentile" : 100.000000,
      "latency_window" : 0
    }
  ]
}
