{
  "fio version" : "fio-3.28",
  "timestamp" : 1775982752,
  "timestamp_ms" : 1775982752353,
  "time" : "Sun Apr 12 08:32:32 2026",
  "jobs" : [
    {
      "jobname" : "seqread",
      "groupid" : 0,
      "error" : 0,
      "eta" : 0,
      "elapsed" : 25,
      "job options" : {
        "name" : "seqread",
        "filename" : "/data/ascend_machine_nvme_bw.bin",
        "rw" : "read",
        "bs" : "1M",
        "iodepth" : "32",
        "ioengine" : "libaio",
        "direct" : "1",
        "size" : "16G",
        "runtime" : "20",
        "time_based" : "1",
        "numjobs" : "1"
      },
      "read" : {
        "io_bytes" : 141668909056,
        "io_kbytes" : 138348544,
        "bw_bytes" : 7082029046,
        "bw" : 6916043,
        "iops" : 6753.949210,
        "runtime" : 20004,
        "total_ios" : 135106,
        "short_ios" : 0,
        "drop_ios" : 0,
        "slat_ns" : {
          "min" : 10900,
          "max" : 367913,
          "mean" : 15299.839163,
          "stddev" : 3695.255124,
          "N" : 135106
        },
        "clat_ns" : {
          "min" : 663966,
          "max" : 13073818,
          "mean" : 4721183.522042,
          "stddev" : 1793936.345253,
          "N" : 135106,
          "percentile" : {
            "1.000000" : 1662976,
            "5.000000" : 2211840,
            "10.000000" : 2572288,
            "20.000000" : 3129344,
            "30.000000" : 3588096,
            "40.000000" : 4014080,
            "50.000000" : 4489216,
            "60.000000" : 5013504,
            "70.000000" : 5537792,
            "80.000000" : 6258688,
            "90.000000" : 7176192,
            "95.000000" : 8028160,
            "99.000000" : 9502720,
            "99.500000" : 10027008,
            "99.900000" : 10813440,
            "99.950000" : 11075584,
            "99.990000" : 11993088
          }
        },
        "lat_ns" : {
          "min" : 676646,
          "max" : 13087168,
          "mean" : 4736646.324242,
          "stddev" : 1793861.845496,
          "N" : 135106
        },
        "bw_min" : 6877184,
        "bw_max" : 6938624,
        "bw_agg" : 99.997050,
        "bw_mean" : 6915840.000000,
        "bw_dev" : 17409.930511,
        "bw_samples" : 40,
        "iops_min" : 6716,
        "iops_max" : 6776,
        "iops_mean" : 6753.750000,
        "iops_stddev" : 17.001885,
        "iops_samples" : 40
      },
      "write" : {
        "io_bytes" : 0,
        "io_kbytes" : 0,
        "bw_bytes" : 0,
        "bw" : 0,
        "iops" : 0.000000,
        "runtime" : 0,
        "total_ios" : 0,
        "short_ios" : 0,
        "drop_ios" : 0,
        "slat_ns" : {
          "min" : 0,
          "max" : 0,
          "mean" : 0.000000,
          "stddev" : 0.000000,
          "N" : 0
        },
        "clat_ns" : {
          "min" : 0,
          "max" : 0,
          "mean" : 0.000000,
          "stddev" : 0.000000,
          "N" : 0
        },
        "lat_ns" : {
          "min" : 0,
          "max" : 0,
          "mean" : 0.000000,
          "stddev" : 0.000000,
          "N" : 0
        },
        "bw_min" : 0,
        "bw_max" : 0,
        "bw_agg" : 0.000000,
        "bw_mean" : 0.000000,
        "bw_dev" : 0.000000,
        "bw_samples" : 0,
        "iops_min" : 0,
        "iops_max" : 0,
        "iops_mean" : 0.000000,
        "iops_stddev" : 0.000000,
        "iops_samples" : 0
      },
      "trim" : {
        "io_bytes" : 0,
        "io_kbytes" : 0,
        "bw_bytes" : 0,
        "bw" : 0,
        "iops" : 0.000000,
        "runtime" : 0,
        "total_ios" : 0,
        "short_ios" : 0,
        "drop_ios" : 0,
        "slat_ns" : {
          "min" : 0,
          "max" : 0,
          "mean" : 0.000000,
          "stddev" : 0.000000,
          "N" : 0
        },
        "clat_ns" : {
          "min" : 0,
          "max" : 0,
          "mean" : 0.000000,
          "stddev" : 0.000000,
          "N" : 0
        },
        "lat_ns" : {
          "min" : 0,
          "max" : 0,
          "mean" : 0.000000,
          "stddev" : 0.000000,
          "N" : 0
        },
        "bw_min" : 0,
        "bw_max" : 0,
        "bw_agg" : 0.000000,
        "bw_mean" : 0.000000,
        "bw_dev" : 0.000000,
        "bw_samples" : 0,
        "iops_min" : 0,
        "iops_max" : 0,
        "iops_mean" : 0.000000,
        "iops_stddev" : 0.000000,
        "iops_samples" : 0
      },
      "sync" : {
        "total_ios" : 0,
        "lat_ns" : {
          "min" : 0,
          "max" : 0,
          "mean" : 0.000000,
          "stddev" : 0.000000,
          "N" : 0
        }
      },
      "job_runtime" : 20003,
      "usr_cpu" : 1.279808,
      "sys_cpu" : 10.468430,
      "ctx" : 113886,
      "majf" : 0,
      "minf" : 27,
      "iodepth_level" : {
        "1" : 0.100000,
        "2" : 0.100000,
        "4" : 0.100000,
        "8" : 0.100000,
        "16" : 0.100000,
        "32" : 99.977055,
        ">=64" : 0.000000
      },
      "iodepth_submit" : {
        "0" : 0.000000,
        "4" : 100.000000,
        "8" : 0.000000,
        "16" : 0.000000,
        "32" : 0.000000,
        "64" : 0.000000,
        ">=64" : 0.000000
      },
      "iodepth_complete" : {
        "0" : 0.000000,
        "4" : 99.999260,
        "8" : 0.000000,
        "16" : 0.000000,
        "32" : 0.100000,
        "64" : 0.000000,
        ">=64" : 0.000000
      },
      "latency_ns" : {
        "2" : 0.000000,
        "4" : 0.000000,
        "10" : 0.000000,
        "20" : 0.000000,
        "50" : 0.000000,
        "100" : 0.000000,
        "250" : 0.000000,
        "500" : 0.000000,
        "750" : 0.000000,
        "1000" : 0.000000
      },
      "latency_us" : {
        "2" : 0.000000,
        "4" : 0.000000,
        "10" : 0.000000,
        "20" : 0.000000,
        "50" : 0.000000,
        "100" : 0.000000,
        "250" : 0.000000,
        "500" : 0.000000,
        "750" : 0.010000,
        "1000" : 0.022205
      },
      "latency_ms" : {
        "2" : 2.988024,
        "4" : 36.355898,
        "10" : 60.093556,
        "20" : 0.538836,
        "50" : 0.000000,
        "100" : 0.000000,
        "250" : 0.000000,
        "500" : 0.000000,
        "750" : 0.000000,
        "1000" : 0.000000,
        "2000" : 0.000000,
        ">=2000" : 0.000000
      },
      "latency_depth" : 32,
      "latency_target" : 0,
      "latency_percentile" : 100.000000,
      "latency_window" : 0
    }
  ]
}
