{
  "fio version" : "fio-3.28",
  "timestamp" : 1775982728,
  "timestamp_ms" : 1775982728113,
  "time" : "Sun Apr 12 08:32:08 2026",
  "jobs" : [
    {
      "jobname" : "prepare",
      "groupid" : 0,
      "error" : 0,
      "eta" : 0,
      "elapsed" : 9,
      "job options" : {
        "name" : "prepare",
        "filename" : "/data/ascend_machine_nvme_bw.bin",
        "rw" : "write",
        "bs" : "1M",
        "iodepth" : "32",
        "ioengine" : "libaio",
        "direct" : "1",
        "size" : "16G",
        "numjobs" : "1"
      },
      "read" : {
        "io_bytes" : 0,
        "io_kbytes" : 0,
        "bw_bytes" : 0,
        "bw" : 0,
        "iops" : 0.000000,
        "runtime" : 0,
        "total_ios" : 0,
        "short_ios" : 0,
        "drop_ios" : 0,
        "slat_ns" : {
          "min" : 0,
          "max" : 0,
          "mean" : 0.000000,
          "stddev" : 0.000000,
          "N" : 0
        },
        "clat_ns" : {
          "min" : 0,
          "max" : 0,
          "mean" : 0.000000,
          "stddev" : 0.000000,
          "N" : 0
        },
        "lat_ns" : {
          "min" : 0,
          "max" : 0,
          "mean" : 0.000000,
          "stddev" : 0.000000,
          "N" : 0
        },
        "bw_min" : 0,
        "bw_max" : 0,
        "bw_agg" : 0.000000,
        "bw_mean" : 0.000000,
        "bw_dev" : 0.000000,
        "bw_samples" : 0,
        "iops_min" : 0,
        "iops_max" : 0,
        "iops_mean" : 0.000000,
        "iops_stddev" : 0.000000,
        "iops_samples" : 0
      },
      "write" : {
        "io_bytes" : 17179869184,
        "io_kbytes" : 16777216,
        "bw_bytes" : 4377036734,
        "bw" : 4274449,
        "iops" : 4174.267516,
        "runtime" : 3925,
        "total_ios" : 16384,
        "short_ios" : 0,
        "drop_ios" : 0,
        "slat_ns" : {
          "min" : 32170,
          "max" : 598145,
          "mean" : 54440.303528,
          "stddev" : 20095.055751,
          "N" : 16384
        },
        "clat_ns" : {
          "min" : 1314182,
          "max" : 27798210,
          "mean" : 7606363.258118,
          "stddev" : 1439523.471370,
          "N" : 16384,
          "percentile" : {
            "1.000000" : 4751360,
            "5.000000" : 7045120,
            "10.000000" : 7110656,
            "20.000000" : 7176192,
            "30.000000" : 7176192,
            "40.000000" : 7241728,
            "50.000000" : 7307264,
            "60.000000" : 7372800,
            "70.000000" : 7569408,
            "80.000000" : 7831552,
            "90.000000" : 8159232,
            "95.000000" : 8585216,
            "99.000000" : 14221312,
            "99.500000" : 17432576,
            "99.900000" : 20316160,
            "99.950000" : 21364736,
            "99.990000" : 27656192
          }
        },
        "lat_ns" : {
          "min" : 1391163,
          "max" : 27878790,
          "mean" : 7661034.874512,
          "stddev" : 1437499.554150,
          "N" : 16384
        },
        "bw_min" : 4116480,
        "bw_max" : 4524032,
        "bw_agg" : 100.000000,
        "bw_mean" : 4354633.142857,
        "bw_dev" : 168951.577279,
        "bw_samples" : 7,
        "iops_min" : 4020,
        "iops_max" : 4418,
        "iops_mean" : 4252.571429,
        "iops_stddev" : 164.991775,
        "iops_samples" : 7
      },
      "trim" : {
        "io_bytes" : 0,
        "io_kbytes" : 0,
        "bw_bytes" : 0,
        "bw" : 0,
        "iops" : 0.000000,
        "runtime" : 0,
        "total_ios" : 0,
        "short_ios" : 0,
        "drop_ios" : 0,
        "slat_ns" : {
          "min" : 0,
          "max" : 0,
          "mean" : 0.000000,
          "stddev" : 0.000000,
          "N" : 0
        },
        "clat_ns" : {
          "min" : 0,
          "max" : 0,
          "mean" : 0.000000,
          "stddev" : 0.000000,
          "N" : 0
        },
        "lat_ns" : {
          "min" : 0,
          "max" : 0,
          "mean" : 0.000000,
          "stddev" : 0.000000,
          "N" : 0
        },
        "bw_min" : 0,
        "bw_max" : 0,
        "bw_agg" : 0.000000,
        "bw_mean" : 0.000000,
        "bw_dev" : 0.000000,
        "bw_samples" : 0,
        "iops_min" : 0,
        "iops_max" : 0,
        "iops_mean" : 0.000000,
        "iops_stddev" : 0.000000,
        "iops_samples" : 0
      },
      "sync" : {
        "total_ios" : 0,
        "lat_ns" : {
          "min" : 0,
          "max" : 0,
          "mean" : 0.000000,
          "stddev" : 0.000000,
          "N" : 0
        }
      },
      "job_runtime" : 3924,
      "usr_cpu" : 14.908257,
      "sys_cpu" : 10.091743,
      "ctx" : 15792,
      "majf" : 0,
      "minf" : 10,
      "iodepth_level" : {
        "1" : 0.100000,
        "2" : 0.100000,
        "4" : 0.100000,
        "8" : 0.100000,
        "16" : 0.100000,
        "32" : 99.810791,
        ">=64" : 0.000000
      },
      "iodepth_submit" : {
        "0" : 0.000000,
        "4" : 100.000000,
        "8" : 0.000000,
        "16" : 0.000000,
        "32" : 0.000000,
        "64" : 0.000000,
        ">=64" : 0.000000
      },
      "iodepth_complete" : {
        "0" : 0.000000,
        "4" : 99.993885,
        "8" : 0.000000,
        "16" : 0.000000,
        "32" : 0.100000,
        "64" : 0.000000,
        ">=64" : 0.000000
      },
      "latency_ns" : {
        "2" : 0.000000,
        "4" : 0.000000,
        "10" : 0.000000,
        "20" : 0.000000,
        "50" : 0.000000,
        "100" : 0.000000,
        "250" : 0.000000,
        "500" : 0.000000,
        "750" : 0.000000,
        "1000" : 0.000000
      },
      "latency_us" : {
        "2" : 0.000000,
        "4" : 0.000000,
        "10" : 0.000000,
        "20" : 0.000000,
        "50" : 0.000000,
        "100" : 0.000000,
        "250" : 0.000000,
        "500" : 0.000000,
        "750" : 0.000000,
        "1000" : 0.000000
      },
      "latency_ms" : {
        "2" : 0.421143,
        "4" : 0.421143,
        "10" : 95.477295,
        "20" : 3.552246,
        "50" : 0.128174,
        "100" : 0.000000,
        "250" : 0.000000,
        "500" : 0.000000,
        "750" : 0.000000,
        "1000" : 0.000000,
        "2000" : 0.000000,
        ">=2000" : 0.000000
      },
      "latency_depth" : 32,
      "latency_target" : 0,
      "latency_percentile" : 100.000000,
      "latency_window" : 0
    }
  ]
}
