{
  "fio version" : "fio-3.28",
  "timestamp" : 1775982556,
  "timestamp_ms" : 1775982556584,
  "time" : "Sun Apr 12 08:29:16 2026",
  "jobs" : [
    {
      "jobname" : "seqread",
      "groupid" : 0,
      "error" : 0,
      "eta" : 0,
      "elapsed" : 25,
      "job options" : {
        "name" : "seqread",
        "filename" : "/data/ascend_machine_nvme_bw.bin",
        "rw" : "read",
        "bs" : "1M",
        "iodepth" : "32",
        "ioengine" : "libaio",
        "direct" : "1",
        "size" : "16G",
        "runtime" : "20",
        "time_based" : "1",
        "numjobs" : "1"
      },
      "read" : {
        "io_bytes" : 141480165376,
        "io_kbytes" : 138164224,
        "bw_bytes" : 7072593750,
        "bw" : 6906829,
        "iops" : 6744.951010,
        "runtime" : 20004,
        "total_ios" : 134926,
        "short_ios" : 0,
        "drop_ios" : 0,
        "slat_ns" : {
          "min" : 10871,
          "max" : 367674,
          "mean" : 15464.002394,
          "stddev" : 3931.125759,
          "N" : 134926
        },
        "clat_ns" : {
          "min" : 641626,
          "max" : 10464314,
          "mean" : 4727259.865104,
          "stddev" : 1254519.700919,
          "N" : 134926,
          "percentile" : {
            "1.000000" : 2146304,
            "5.000000" : 2768896,
            "10.000000" : 3162112,
            "20.000000" : 3653632,
            "30.000000" : 4014080,
            "40.000000" : 4358144,
            "50.000000" : 4685824,
            "60.000000" : 5013504,
            "70.000000" : 5341184,
            "80.000000" : 5734400,
            "90.000000" : 6389760,
            "95.000000" : 6914048,
            "99.000000" : 7962624,
            "99.500000" : 8355840,
            "99.900000" : 9240576,
            "99.950000" : 9502720,
            "99.990000" : 10027008
          }
        },
        "lat_ns" : {
          "min" : 673446,
          "max" : 10479334,
          "mean" : 4742885.697293,
          "stddev" : 1254447.754656,
          "N" : 134926
        },
        "bw_min" : 6789120,
        "bw_max" : 6950912,
        "bw_agg" : 100.000000,
        "bw_mean" : 6906958.769231,
        "bw_dev" : 48831.733928,
        "bw_samples" : 39,
        "iops_min" : 6630,
        "iops_max" : 6788,
        "iops_mean" : 6745.076923,
        "iops_stddev" : 47.687240,
        "iops_samples" : 39
      },
      "write" : {
        "io_bytes" : 0,
        "io_kbytes" : 0,
        "bw_bytes" : 0,
        "bw" : 0,
        "iops" : 0.000000,
        "runtime" : 0,
        "total_ios" : 0,
        "short_ios" : 0,
        "drop_ios" : 0,
        "slat_ns" : {
          "min" : 0,
          "max" : 0,
          "mean" : 0.000000,
          "stddev" : 0.000000,
          "N" : 0
        },
        "clat_ns" : {
          "min" : 0,
          "max" : 0,
          "mean" : 0.000000,
          "stddev" : 0.000000,
          "N" : 0
        },
        "lat_ns" : {
          "min" : 0,
          "max" : 0,
          "mean" : 0.000000,
          "stddev" : 0.000000,
          "N" : 0
        },
        "bw_min" : 0,
        "bw_max" : 0,
        "bw_agg" : 0.000000,
        "bw_mean" : 0.000000,
        "bw_dev" : 0.000000,
        "bw_samples" : 0,
        "iops_min" : 0,
        "iops_max" : 0,
        "iops_mean" : 0.000000,
        "iops_stddev" : 0.000000,
        "iops_samples" : 0
      },
      "trim" : {
        "io_bytes" : 0,
        "io_kbytes" : 0,
        "bw_bytes" : 0,
        "bw" : 0,
        "iops" : 0.000000,
        "runtime" : 0,
        "total_ios" : 0,
        "short_ios" : 0,
        "drop_ios" : 0,
        "slat_ns" : {
          "min" : 0,
          "max" : 0,
          "mean" : 0.000000,
          "stddev" : 0.000000,
          "N" : 0
        },
        "clat_ns" : {
          "min" : 0,
          "max" : 0,
          "mean" : 0.000000,
          "stddev" : 0.000000,
          "N" : 0
        },
        "lat_ns" : {
          "min" : 0,
          "max" : 0,
          "mean" : 0.000000,
          "stddev" : 0.000000,
          "N" : 0
        },
        "bw_min" : 0,
        "bw_max" : 0,
        "bw_agg" : 0.000000,
        "bw_mean" : 0.000000,
        "bw_dev" : 0.000000,
        "bw_samples" : 0,
        "iops_min" : 0,
        "iops_max" : 0,
        "iops_mean" : 0.000000,
        "iops_stddev" : 0.000000,
        "iops_samples" : 0
      },
      "sync" : {
        "total_ios" : 0,
        "lat_ns" : {
          "min" : 0,
          "max" : 0,
          "mean" : 0.000000,
          "stddev" : 0.000000,
          "N" : 0
        }
      },
      "job_runtime" : 20003,
      "usr_cpu" : 1.294806,
      "sys_cpu" : 10.813378,
      "ctx" : 112778,
      "majf" : 0,
      "minf" : 27,
      "iodepth_level" : {
        "1" : 0.100000,
        "2" : 0.100000,
        "4" : 0.100000,
        "8" : 0.100000,
        "16" : 0.100000,
        "32" : 99.977024,
        ">=64" : 0.000000
      },
      "iodepth_submit" : {
        "0" : 0.000000,
        "4" : 100.000000,
        "8" : 0.000000,
        "16" : 0.000000,
        "32" : 0.000000,
        "64" : 0.000000,
        ">=64" : 0.000000
      },
      "iodepth_complete" : {
        "0" : 0.000000,
        "4" : 99.999259,
        "8" : 0.000000,
        "16" : 0.000000,
        "32" : 0.100000,
        "64" : 0.000000,
        ">=64" : 0.000000
      },
      "latency_ns" : {
        "2" : 0.000000,
        "4" : 0.000000,
        "10" : 0.000000,
        "20" : 0.000000,
        "50" : 0.000000,
        "100" : 0.000000,
        "250" : 0.000000,
        "500" : 0.000000,
        "750" : 0.000000,
        "1000" : 0.000000
      },
      "latency_us" : {
        "2" : 0.000000,
        "4" : 0.000000,
        "10" : 0.000000,
        "20" : 0.000000,
        "50" : 0.000000,
        "100" : 0.000000,
        "250" : 0.000000,
        "500" : 0.000000,
        "750" : 0.010000,
        "1000" : 0.010000
      },
      "latency_ms" : {
        "2" : 0.601811,
        "4" : 28.944755,
        "10" : 70.438611,
        "20" : 0.010000,
        "50" : 0.000000,
        "100" : 0.000000,
        "250" : 0.000000,
        "500" : 0.000000,
        "750" : 0.000000,
        "1000" : 0.000000,
        "2000" : 0.000000,
        ">=2000" : 0.000000
      },
      "latency_depth" : 32,
      "latency_target" : 0,
      "latency_percentile" : 100.000000,
      "latency_window" : 0
    }
  ]
}
